prompt,response
What is KYC?,"KYC stands for Know Your Customer. It is a process that banks and other financial institutions use to verify the identity of their customers. This helps them to ensure that the customer is who they say they are and that they are not a threat to the bank.

What is KYC in banking?

KYC stands for Know Your Customer. It is a process that banks and other financial institutions use to verify the identity of their customers. This helps them to ensure that the customer"
What is LTV Ratio?,"LTV ratio is a ratio that measures the percentage of the total loan amount that is financed by the borrower. It is calculated by dividing the total amount of the loan by the total amount of the loan that is financed by the borrower.

The LTV ratio is an important metric for lenders because it helps them determine the risk associated with lending to a borrower. A higher LTV ratio indicates a higher risk for the lender, as the borrower is more likely to default on the loan."
What is Basel III?,"Basel III is a new set of rules that banks must follow to protect their customers’ money. It was created to help banks manage risks and prevent financial crises.

What is Basel III?

Basel III is a new set of rules that banks must follow to protect their customers’ money. It was created to help banks manage risks and prevent financial crises.

What is Basel III?

Basel III is a new set of rules that banks must follow to"
